?çindekiler;,https://www.istegelsin.com/urundetay/coca-cola-15-l_CCA1-AD
Üretici Firma;,https://www.istegelsin.com/urundetay/coca-cola-15-l_CCA1-AD
Men?ei;,https://www.istegelsin.com/urundetay/coca-cola-15-l_CCA1-AD
Nas?l Muhafaza Edilmeli?,https://www.istegelsin.com/urundetay/coca-cola-15-l_CCA1-AD
Besin De?erleri (100 mL için);,https://www.istegelsin.com/urundetay/coca-cola-15-l_CCA1-AD
Besin De?erleri (100 ml için);,https://www.istegelsin.com/urundetay/coca-cola-lime-1-l_CCA70-AD
Besin De?erleri(100 gr için);,https://www.istegelsin.com/urundetay/pepsi-cola-twist-pet-4x1-l_PPS43-AD
?çindekiler,https://www.istegelsin.com/urundetay/maltana-ginseng-aromali-enerji-icecegi-250-ml_DYD6-AD
Alerjen uyar?s?;,https://www.istegelsin.com/urundetay/maltana-ginseng-aromali-enerji-icecegi-250-ml_DYD6-AD
Besin De?erleri (100 gr için);,https://www.istegelsin.com/urundetay/maltana-ginseng-aromali-enerji-icecegi-250-ml_DYD6-AD
Besin De?erleri (100 ml ?çin);,https://www.istegelsin.com/urundetay/uludag-efsane-gazoz-pet-1-l_ULU3-AD
Besin De?erleri (100 gr ?çin);,https://www.istegelsin.com/urundetay/beyoglu-klasik-dogal-zengin-mineralli-gazli-icecek-6x250-ml_SRM58-AD
Besin De?erleri ;,https://www.istegelsin.com/urundetay/pinar-frii-sekersiz-misket-limonlu-icecek-250-ml_PNR33-AD
,https://www.istegelsin.com/urundetay/fruko-cool-lime-gazoz-1-l_PPS54-AD
